problem_id,cn_link,en_link,title,translated_title,difficulty,date,remarks
26,https://leetcode.cn/problems/remove-duplicates-from-sorted-array,https://leetcode.com/problems/remove-duplicates-from-sorted-array,Remove Duplicates from Sorted Array,删除有序数组中的重复项,Easy,2024-05-09,
80,https://leetcode.cn/problems/remove-duplicates-from-sorted-array-ii,https://leetcode.com/problems/remove-duplicates-from-sorted-array-ii,Remove Duplicates from Sorted Array II,删除有序数组中的重复项 II,Medium,2024-05-09,
66,https://leetcode.cn/problems/plus-one,https://leetcode.com/problems/plus-one,Plus One,加一,Easy,2024-05-09,
1768,https://leetcode.cn/problems/merge-strings-alternately,https://leetcode.com/problems/merge-strings-alternately,Merge Strings Alternately,交替合并字符串,Easy,2024-05-31,
1071,https://leetcode.cn/problems/greatest-common-divisor-of-strings,https://leetcode.com/problems/greatest-common-divisor-of-strings,Greatest Common Divisor of Strings,字符串的最大公因子,Easy,2024-05-31,
1431,https://leetcode.cn/problems/kids-with-the-greatest-number-of-candies,https://leetcode.com/problems/kids-with-the-greatest-number-of-candies,Kids With the Greatest Number of Candies,拥有最多糖果的孩子,Easy,2024-05-31,
605,https://leetcode.cn/problems/can-place-flowers,https://leetcode.com/problems/can-place-flowers,Can Place Flowers,种花问题,Easy,2024-05-31,
27,https://leetcode.cn/problems/remove-element,https://leetcode.com/problems/remove-element,Remove Element,移除元素,Easy,2024-05-31,
151,https://leetcode.cn/problems/reverse-words-in-a-string,https://leetcode.com/problems/reverse-words-in-a-string,Reverse Words in a String,反转字符串中的单词,Medium,2024-06-01,
334,https://leetcode.cn/problems/increasing-triplet-subsequence,https://leetcode.com/problems/increasing-triplet-subsequence,Increasing Triplet Subsequence,递增的三元子序列,Medium,2024-06-01,
443,https://leetcode.cn/problems/string-compression,https://leetcode.com/problems/string-compression,String Compression,压缩字符串,Medium,2024-06-01,
392,https://leetcode.cn/problems/is-subsequence,https://leetcode.com/problems/is-subsequence,Is Subsequence,判断子序列,Easy,2024-06-01,
704,https://leetcode.cn/problems/binary-search,https://leetcode.com/problems/binary-search,Binary Search,二分查找,Easy,2024-06-01,
27,https://leetcode.cn/problems/remove-element,https://leetcode.com/problems/remove-element,Remove Element,移除元素,Easy,2024-06-03,
977,https://leetcode.cn/problems/squares-of-a-sorted-array,https://leetcode.com/problems/squares-of-a-sorted-array,Squares of a Sorted Array,有序数组的平方,Easy,2024-06-03,
209,https://leetcode.cn/problems/minimum-size-subarray-sum,https://leetcode.com/problems/minimum-size-subarray-sum,Minimum Size Subarray Sum,长度最小的子数组,Medium,2024-06-03,
59,https://leetcode.cn/problems/spiral-matrix-ii,https://leetcode.com/problems/spiral-matrix-ii,Spiral Matrix II,螺旋矩阵 II,Medium,2024-06-03,
203,https://leetcode.cn/problems/remove-linked-list-elements,https://leetcode.com/problems/remove-linked-list-elements,Remove Linked List Elements,移除链表元素,Easy,2024-06-03,
707,https://leetcode.cn/problems/design-linked-list,https://leetcode.com/problems/design-linked-list,Design Linked List,设计链表,Medium,2024-06-05,
206,https://leetcode.cn/problems/reverse-linked-list,https://leetcode.com/problems/reverse-linked-list,Reverse Linked List,反转链表,Easy,2024-06-05,
24,https://leetcode.cn/problems/swap-nodes-in-pairs,https://leetcode.com/problems/swap-nodes-in-pairs,Swap Nodes in Pairs,两两交换链表中的节点,Medium,2024-06-05,
19,https://leetcode.cn/problems/remove-nth-node-from-end-of-list,https://leetcode.com/problems/remove-nth-node-from-end-of-list,Remove Nth Node From End of List,删除链表的倒数第 N 个结点,Medium,2024-06-05,
141,https://leetcode.cn/problems/linked-list-cycle,https://leetcode.com/problems/linked-list-cycle,Linked List Cycle,环形链表,Easy,2024-06-05,
142,https://leetcode.cn/problems/linked-list-cycle-ii,https://leetcode.com/problems/linked-list-cycle-ii,Linked List Cycle II,环形链表 II,Medium,2024-06-05,
242,https://leetcode.cn/problems/valid-anagram,https://leetcode.com/problems/valid-anagram,Valid Anagram,有效的字母异位词,Easy,2024-06-08,
1002,https://leetcode.cn/problems/find-common-characters,https://leetcode.com/problems/find-common-characters,Find Common Characters,查找共用字符,Easy,2024-06-11,
349,https://leetcode.cn/problems/intersection-of-two-arrays,https://leetcode.com/problems/intersection-of-two-arrays,Intersection of Two Arrays,两个数组的交集,Easy,2024-06-11,
202,https://leetcode.cn/problems/happy-number,https://leetcode.com/problems/happy-number,Happy Number,快乐数,Easy,2024-06-11,
1,https://leetcode.cn/problems/two-sum,https://leetcode.com/problems/two-sum,Two Sum,两数之和,Easy,2024-06-11,
454,https://leetcode.cn/problems/4sum-ii,https://leetcode.com/problems/4sum-ii,4Sum II,四数相加 II,Medium,2024-06-11,
383,https://leetcode.cn/problems/ransom-note,https://leetcode.com/problems/ransom-note,Ransom Note,赎金信,Easy,2024-06-15,
15,https://leetcode.cn/problems/3sum,https://leetcode.com/problems/3sum,3Sum,三数之和,Medium,2024-06-15,
18,https://leetcode.cn/problems/4sum,https://leetcode.com/problems/4sum,4Sum,四数之和,Medium,2024-06-15,
